{
  "recycle": [
    [-80.735745, 35.307117],
    [-80.735668, 35.307474],
    [-80.73377, 35.307291]
  ],
  "trash": [
    [-80.73575, 35.307117],
    [-80.735663, 35.307474],
    [-80.733775, 35.307286]
  ]
}
