{
  "recycle": [
    [-80.735745, 35.307117],
    [-80.735668, 35.307474],
    [-80.73377, 35.307291],
    [-80.735505, 35.307111],
    [-80.734502, 35.307101],
    [-80.733639, 35.307323],
    [-80.733777, 35.306971],
    [-80.733651, 35.306976]
  ],
  "trash": [
    [-80.73575, 35.307117],
    [-80.735663, 35.307474],
    [-80.733773, 35.307294],
    [-80.735505, 35.307113],
    [-80.734505, 35.307101],
    [-80.73364, 35.307321],
    [-80.733776, 35.30697],
    [-80.733649, 35.306977]
  ]
}
